feedback_text,label
The exam pattern was confusing and poorly organized.,Negative
"I have mixed feelings about the grading system, some parts were fine.",Neutral
"The assignments exceeded my expectations, very engaging and useful.",Positive
"Great experience with the exam pattern, clear explanations throughout.",Positive
"I have mixed feelings about the teaching assistant, some parts were fine.",Neutral
The exam pattern was excellent and improved my understanding a lot.,Positive
"The grading system was a waste of time, very unclear explanations.",Negative
"The curriculum was frustrating, lacked proper structure.",Negative
"I have mixed feelings about the lab sessions, some parts were fine.",Neutral
"Terrible experience with the teaching assistant, very unhelpful.",Negative
"The course material was frustrating, lacked proper structure.",Negative
"Terrible experience with the course material, very unhelpful.",Negative
"I have mixed feelings about the course material, some parts were fine.",Neutral
"The assignments was a waste of time, very unclear explanations.",Negative
"Terrible experience with the grading system, very unhelpful.",Negative
"The online classes was fine overall, no strong opinion either way.",Neutral
"I really enjoyed the lab sessions, it was very helpful and well organized.",Positive
"The professor helped me learn a lot, very satisfied with it.",Positive
"Great experience with the lab sessions, clear explanations throughout.",Positive
"The course material was fine overall, no strong opinion either way.",Neutral
"The teaching assistant met basic expectations, nothing more nothing less.",Neutral
"I have mixed feelings about the assignments, some parts were fine.",Neutral
"I really enjoyed the curriculum, it was very helpful and well organized.",Positive
"Fantastic job, the teaching assistant was informative and easy to follow.",Positive
It was an average experience with the faculty.,Neutral
"I have mixed feelings about the faculty, some parts were fine.",Neutral
It was an average experience with the workshop.,Neutral
"I did not like the exam pattern at all, it needs to be redesigned.",Negative
"Not satisfied with the course material, it felt rushed and incomplete.",Negative
"The exam pattern was frustrating, lacked proper structure.",Negative
The professor was excellent and improved my understanding a lot.,Positive
I appreciate how well the exam pattern was structured and delivered.,Positive
The workshop was excellent and improved my understanding a lot.,Positive
"The teaching assistant was frustrating, lacked proper structure.",Negative
The assignments was confusing and poorly organized.,Negative
"This course was frustrating, lacked proper structure.",Negative
"Nothing much to say about the professor, it was moderate.",Neutral
"Not satisfied with the teaching assistant, it felt rushed and incomplete.",Negative
It was an average experience with the course material.,Neutral
"Fantastic job, the professor was informative and easy to follow.",Positive
The curriculum was confusing and poorly organized.,Negative
"Great experience with this course, clear explanations throughout.",Positive
"The workshop was okay, nothing special but not bad either.",Neutral
"The faculty was fine overall, no strong opinion either way.",Neutral
I appreciate how well the online classes was structured and delivered.,Positive
"The assignments was average, could be better or worse.",Neutral
"Great experience with the faculty, clear explanations throughout.",Positive
The online classes was confusing and poorly organized.,Negative
"The course material was a waste of time, very unclear explanations.",Negative
"Not satisfied with this course, it felt rushed and incomplete.",Negative
The workshop was one of the best parts of this semester.,Positive
"I have mixed feelings about the online classes, some parts were fine.",Neutral
"This course was average, could be better or worse.",Neutral
"I did not like the grading system at all, it needs to be redesigned.",Negative
The teaching assistant was excellent and improved my understanding a lot.,Positive
"I was disappointed with this course, it needs major improvement.",Negative
"The lab sessions was frustrating, lacked proper structure.",Negative
"The exam pattern was fine overall, no strong opinion either way.",Neutral
The lab sessions was one of the best parts of this semester.,Positive
The course material was excellent and improved my understanding a lot.,Positive
The grading system was one of the best parts of this semester.,Positive
I appreciate how well the professor was structured and delivered.,Positive
"Not satisfied with the online classes, it felt rushed and incomplete.",Negative
"The faculty helped me learn a lot, very satisfied with it.",Positive
The professor was confusing and poorly organized.,Negative
"Not satisfied with the assignments, it felt rushed and incomplete.",Negative
The grading system was excellent and improved my understanding a lot.,Positive
"The workshop was acceptable, though a few things could improve.",Neutral
"The exam pattern exceeded my expectations, very engaging and useful.",Positive
"I was disappointed with the assignments, it needs major improvement.",Negative
"The assignments was fine overall, no strong opinion either way.",Neutral
The assignments was one of the best parts of this semester.,Positive
"The course material exceeded my expectations, very engaging and useful.",Positive
"I did not like the workshop at all, it needs to be redesigned.",Negative
"The workshop met basic expectations, nothing more nothing less.",Neutral
"The lab sessions was average, could be better or worse.",Neutral
"The grading system was fine overall, no strong opinion either way.",Neutral
"The assignments was okay, nothing special but not bad either.",Neutral
"The lab sessions exceeded my expectations, very engaging and useful.",Positive
"I was disappointed with the online classes, it needs major improvement.",Negative
"Not satisfied with the faculty, it felt rushed and incomplete.",Negative
"The workshop was fine overall, no strong opinion either way.",Neutral
"The assignments was frustrating, lacked proper structure.",Negative
"The faculty met basic expectations, nothing more nothing less.",Neutral
"I really enjoyed the exam pattern, it was very helpful and well organized.",Positive
I appreciate how well the workshop was structured and delivered.,Positive
This course was confusing and poorly organized.,Negative
"The professor was acceptable, though a few things could improve.",Neutral
"Nothing much to say about the lab sessions, it was moderate.",Neutral
"I did not like the lab sessions at all, it needs to be redesigned.",Negative
"I did not like the teaching assistant at all, it needs to be redesigned.",Negative
"The curriculum needs a lot of work, it was below expectations.",Negative
I appreciate how well the curriculum was structured and delivered.,Positive
"The exam pattern was average, could be better or worse.",Neutral
"The faculty was okay, nothing special but not bad either.",Neutral
"I have mixed feelings about the curriculum, some parts were fine.",Neutral
"The workshop helped me learn a lot, very satisfied with it.",Positive
"The grading system needs a lot of work, it was below expectations.",Negative
"Not satisfied with the professor, it felt rushed and incomplete.",Negative
"I really enjoyed the teaching assistant, it was very helpful and well organized.",Positive
"Great experience with the course material, clear explanations throughout.",Positive
The professor was one of the best parts of this semester.,Positive
"Fantastic job, this course was informative and easy to follow.",Positive
The curriculum was one of the best parts of this semester.,Positive
The online classes was one of the best parts of this semester.,Positive
"Nothing much to say about this course, it was moderate.",Neutral
"Fantastic job, the assignments was informative and easy to follow.",Positive
"Nothing much to say about the faculty, it was moderate.",Neutral
"I was disappointed with the grading system, it needs major improvement.",Negative
I appreciate how well the assignments was structured and delivered.,Positive
I appreciate how well the teaching assistant was structured and delivered.,Positive
"The exam pattern was a waste of time, very unclear explanations.",Negative
"I did not like the curriculum at all, it needs to be redesigned.",Negative
"The online classes exceeded my expectations, very engaging and useful.",Positive
The assignments was excellent and improved my understanding a lot.,Positive
"Fantastic job, the grading system was informative and easy to follow.",Positive
"Great experience with the curriculum, clear explanations throughout.",Positive
"The course material was okay, nothing special but not bad either.",Neutral
"The professor was fine overall, no strong opinion either way.",Neutral
"The grading system exceeded my expectations, very engaging and useful.",Positive
"The teaching assistant helped me learn a lot, very satisfied with it.",Positive
"Nothing much to say about the curriculum, it was moderate.",Neutral
"I really enjoyed the workshop, it was very helpful and well organized.",Positive
"The online classes was a waste of time, very unclear explanations.",Negative
"Terrible experience with this course, very unhelpful.",Negative
The faculty was confusing and poorly organized.,Negative
"Terrible experience with the exam pattern, very unhelpful.",Negative
"This course exceeded my expectations, very engaging and useful.",Positive
"This course was acceptable, though a few things could improve.",Neutral
"I was disappointed with the exam pattern, it needs major improvement.",Negative
"I was disappointed with the workshop, it needs major improvement.",Negative
"I really enjoyed the professor, it was very helpful and well organized.",Positive
"I did not like the course material at all, it needs to be redesigned.",Negative
"Fantastic job, the curriculum was informative and easy to follow.",Positive
"Not satisfied with the workshop, it felt rushed and incomplete.",Negative
"Nothing much to say about the grading system, it was moderate.",Neutral
"I was disappointed with the curriculum, it needs major improvement.",Negative
"The teaching assistant needs a lot of work, it was below expectations.",Negative
"The faculty was frustrating, lacked proper structure.",Negative
"I did not like the assignments at all, it needs to be redesigned.",Negative
"This course helped me learn a lot, very satisfied with it.",Positive
"Great experience with the professor, clear explanations throughout.",Positive
"The grading system met basic expectations, nothing more nothing less.",Neutral
"The lab sessions was okay, nothing special but not bad either.",Neutral
"The exam pattern needs a lot of work, it was below expectations.",Negative
The workshop was confusing and poorly organized.,Negative
"The course material needs a lot of work, it was below expectations.",Negative
"Great experience with the online classes, clear explanations throughout.",Positive
"The workshop exceeded my expectations, very engaging and useful.",Positive
"I did not like the online classes at all, it needs to be redesigned.",Negative
"This course was okay, nothing special but not bad either.",Neutral
"This course needs a lot of work, it was below expectations.",Negative
I appreciate how well this course was structured and delivered.,Positive
"Nothing much to say about the workshop, it was moderate.",Neutral
"The professor met basic expectations, nothing more nothing less.",Neutral
"Fantastic job, the exam pattern was informative and easy to follow.",Positive
"Not satisfied with the exam pattern, it felt rushed and incomplete.",Negative
"I really enjoyed the faculty, it was very helpful and well organized.",Positive
"The faculty was acceptable, though a few things could improve.",Neutral
"The grading system was okay, nothing special but not bad either.",Neutral
"Terrible experience with the faculty, very unhelpful.",Negative
"I really enjoyed the assignments, it was very helpful and well organized.",Positive
"The online classes was frustrating, lacked proper structure.",Negative
"The curriculum helped me learn a lot, very satisfied with it.",Positive
"The grading system was average, could be better or worse.",Neutral
I appreciate how well the course material was structured and delivered.,Positive
"The exam pattern met basic expectations, nothing more nothing less.",Neutral
"The lab sessions needs a lot of work, it was below expectations.",Negative
"This course was a waste of time, very unclear explanations.",Negative
The course material was confusing and poorly organized.,Negative
"I did not like this course at all, it needs to be redesigned.",Negative
"The course material helped me learn a lot, very satisfied with it.",Positive
It was an average experience with the curriculum.,Neutral
"Fantastic job, the workshop was informative and easy to follow.",Positive
The exam pattern was one of the best parts of this semester.,Positive
"The curriculum met basic expectations, nothing more nothing less.",Neutral
"I was disappointed with the course material, it needs major improvement.",Negative
"The faculty needs a lot of work, it was below expectations.",Negative
The curriculum was excellent and improved my understanding a lot.,Positive
"Fantastic job, the lab sessions was informative and easy to follow.",Positive
"The workshop was frustrating, lacked proper structure.",Negative
"The assignments needs a lot of work, it was below expectations.",Negative
"Fantastic job, the online classes was informative and easy to follow.",Positive
"I was disappointed with the teaching assistant, it needs major improvement.",Negative
"I was disappointed with the professor, it needs major improvement.",Negative
The grading system was confusing and poorly organized.,Negative
"Terrible experience with the professor, very unhelpful.",Negative
"The teaching assistant was a waste of time, very unclear explanations.",Negative
The faculty was one of the best parts of this semester.,Positive
"I was disappointed with the lab sessions, it needs major improvement.",Negative
"The course material was acceptable, though a few things could improve.",Neutral
"I was disappointed with the faculty, it needs major improvement.",Negative
"The curriculum was fine overall, no strong opinion either way.",Neutral
"The lab sessions was acceptable, though a few things could improve.",Neutral
"The grading system helped me learn a lot, very satisfied with it.",Positive
"Nothing much to say about the online classes, it was moderate.",Neutral
"The grading system was acceptable, though a few things could improve.",Neutral
"Terrible experience with the lab sessions, very unhelpful.",Negative
"Fantastic job, the course material was informative and easy to follow.",Positive
"The exam pattern was okay, nothing special but not bad either.",Neutral
"This course was fine overall, no strong opinion either way.",Neutral
"The assignments met basic expectations, nothing more nothing less.",Neutral
"The curriculum was a waste of time, very unclear explanations.",Negative
"The professor was average, could be better or worse.",Neutral
"The curriculum was acceptable, though a few things could improve.",Neutral
"Nothing much to say about the course material, it was moderate.",Neutral
"The faculty was a waste of time, very unclear explanations.",Negative
It was an average experience with the lab sessions.,Neutral
"The faculty exceeded my expectations, very engaging and useful.",Positive
"The lab sessions helped me learn a lot, very satisfied with it.",Positive
"The teaching assistant was average, could be better or worse.",Neutral
"Nothing much to say about the teaching assistant, it was moderate.",Neutral
"I have mixed feelings about this course, some parts were fine.",Neutral
"The teaching assistant was acceptable, though a few things could improve.",Neutral
"The assignments was acceptable, though a few things could improve.",Neutral
"The curriculum was average, could be better or worse.",Neutral
It was an average experience with the online classes.,Neutral
"The workshop was average, could be better or worse.",Neutral
The online classes was excellent and improved my understanding a lot.,Positive
This course was excellent and improved my understanding a lot.,Positive
"The lab sessions was a waste of time, very unclear explanations.",Negative
"Great experience with the grading system, clear explanations throughout.",Positive
"I really enjoyed the course material, it was very helpful and well organized.",Positive
"Great experience with the teaching assistant, clear explanations throughout.",Positive
"The assignments helped me learn a lot, very satisfied with it.",Positive
"Not satisfied with the lab sessions, it felt rushed and incomplete.",Negative
The faculty was excellent and improved my understanding a lot.,Positive
The course material was one of the best parts of this semester.,Positive
"I have mixed feelings about the professor, some parts were fine.",Neutral
"I did not like the faculty at all, it needs to be redesigned.",Negative
The lab sessions was excellent and improved my understanding a lot.,Positive
"The curriculum exceeded my expectations, very engaging and useful.",Positive
It was an average experience with the teaching assistant.,Neutral
I appreciate how well the grading system was structured and delivered.,Positive
"Not satisfied with the grading system, it felt rushed and incomplete.",Negative
"Terrible experience with the curriculum, very unhelpful.",Negative
"The curriculum was okay, nothing special but not bad either.",Neutral
It was an average experience with the assignments.,Neutral
"The teaching assistant exceeded my expectations, very engaging and useful.",Positive
"The exam pattern was acceptable, though a few things could improve.",Neutral
It was an average experience with the professor.,Neutral
"I really enjoyed the online classes, it was very helpful and well organized.",Positive
It was an average experience with the grading system.,Neutral
This course was one of the best parts of this semester.,Positive
"I have mixed feelings about the exam pattern, some parts were fine.",Neutral
"The online classes was acceptable, though a few things could improve.",Neutral
"The faculty was average, could be better or worse.",Neutral
"The professor was a waste of time, very unclear explanations.",Negative
"Terrible experience with the assignments, very unhelpful.",Negative
"The lab sessions was fine overall, no strong opinion either way.",Neutral
"Not satisfied with the curriculum, it felt rushed and incomplete.",Negative
"The teaching assistant was okay, nothing special but not bad either.",Neutral
"The course material met basic expectations, nothing more nothing less.",Neutral
"The teaching assistant was fine overall, no strong opinion either way.",Neutral
"I really enjoyed this course, it was very helpful and well organized.",Positive
"Great experience with the assignments, clear explanations throughout.",Positive
"The workshop was a waste of time, very unclear explanations.",Negative
"I have mixed feelings about the workshop, some parts were fine.",Neutral
I appreciate how well the faculty was structured and delivered.,Positive
"Terrible experience with the online classes, very unhelpful.",Negative
The teaching assistant was one of the best parts of this semester.,Positive
"Great experience with the workshop, clear explanations throughout.",Positive
"Fantastic job, the faculty was informative and easy to follow.",Positive
"Terrible experience with the workshop, very unhelpful.",Negative
The teaching assistant was confusing and poorly organized.,Negative
"The professor exceeded my expectations, very engaging and useful.",Positive
"Nothing much to say about the exam pattern, it was moderate.",Neutral
"The grading system was frustrating, lacked proper structure.",Negative
"The online classes was okay, nothing special but not bad either.",Neutral
"Nothing much to say about the assignments, it was moderate.",Neutral
"The online classes helped me learn a lot, very satisfied with it.",Positive
"The professor was frustrating, lacked proper structure.",Negative
"The course material was average, could be better or worse.",Neutral
"The online classes met basic expectations, nothing more nothing less.",Neutral
"The online classes needs a lot of work, it was below expectations.",Negative
"This course met basic expectations, nothing more nothing less.",Neutral
"The professor needs a lot of work, it was below expectations.",Negative
"The professor was okay, nothing special but not bad either.",Neutral
"I really enjoyed the grading system, it was very helpful and well organized.",Positive
It was an average experience with this course.,Neutral
"The workshop needs a lot of work, it was below expectations.",Negative
I appreciate how well the lab sessions was structured and delivered.,Positive
"The lab sessions met basic expectations, nothing more nothing less.",Neutral
"The online classes was average, could be better or worse.",Neutral
"The exam pattern helped me learn a lot, very satisfied with it.",Positive
It was an average experience with the exam pattern.,Neutral
"I did not like the professor at all, it needs to be redesigned.",Negative
The lab sessions was confusing and poorly organized.,Negative
